/*
	Assignment#4 CPSC2030
	Title: myPokedex.sql
	Author: Shea Melenka
	Date: October 15th 2018
*/
CREATE DATABASE pokedex;
/*Create user doesn't work properly*/
/*CREATE USER CPSC2030 IDENTIFIED BY CPSC2030 IDENTIFIED WITH auth_plugin;*/

CREATE TABLE `mega_evolutions` (
  `ID` int(3) DEFAULT NULL,
  `Name` varchar(14) DEFAULT NULL
) ENGINE=InnoDB DEFAULT CHARSET=utf8;

--
-- Dumping data for table `mega_evolutions`
--

INSERT INTO `mega_evolutions` (`ID`, `Name`) VALUES
(428, 'Mega Lopunny'),
(445, 'Mega Garchomp'),
(448, 'Mega Lucario'),
(460, 'Mega Abomasnow'),
(475, 'Mega Gallade'),
(531, 'Mega Audino');

-- --------------------------------------------------------

--
-- Table structure for table `pokemon`
--

CREATE TABLE `pokemon` (
  `ID` int(3) DEFAULT NULL,
  `Name` varchar(28) DEFAULT NULL,
  `Type` varchar(18) DEFAULT NULL,
  `HP` int(3) DEFAULT NULL,
  `Attack` int(3) DEFAULT NULL,
  `Defense` int(3) DEFAULT NULL,
  `SpecialAttack` int(3) DEFAULT NULL,
  `SpecialDefense` int(3) DEFAULT NULL,
  `Speed` int(3) DEFAULT NULL,
  `TotalStats` int(3) DEFAULT NULL
) ENGINE=InnoDB DEFAULT CHARSET=utf8;

--
-- Dumping data for table `pokemon`
--

INSERT INTO `pokemon` (`ID`, `Name`, `Type`, `HP`, `Attack`, `Defense`, `SpecialAttack`, `SpecialDefense`, `Speed`, `TotalStats`) VALUES
(387, 'Turtwig', 'Grass', 55, 68, 64, 45, 55, 31, 318),
(388, 'Grotle', 'Grass', 75, 89, 85, 55, 65, 36, 405),
(389, 'Torterra', 'Grass & Ground', 95, 109, 105, 75, 85, 56, 525),
(390, 'Chimchar', 'Fire', 44, 58, 44, 58, 44, 61, 309),
(391, 'Monferno', 'Fire & Fighting', 64, 78, 52, 78, 52, 81, 405),
(392, 'Infernape', 'Fire & Fighting', 76, 104, 71, 104, 71, 108, 534),
(393, 'Piplup', 'Water', 53, 51, 53, 61, 56, 40, 314),
(394, 'Prinplup', 'Water', 64, 66, 68, 81, 76, 50, 405),
(395, 'Empoleon', 'Water & Steel', 84, 86, 88, 111, 101, 60, 530),
(396, 'Starly', 'Normal & Flying', 40, 55, 30, 30, 30, 60, 245),
(397, 'Staravia', 'Normal & Flying', 55, 75, 50, 40, 40, 80, 340),
(398, 'Staraptor', 'Normal & Flying', 85, 120, 70, 50, 60, 100, 485),
(399, 'Bidoof', 'Normal', 59, 45, 40, 35, 40, 31, 250),
(400, 'Bibarel', 'Normal & Water', 79, 85, 60, 55, 60, 71, 410),
(401, 'Kricketot', 'Bug', 37, 25, 41, 25, 41, 25, 194),
(402, 'Kricketune', 'Bug', 77, 85, 51, 55, 51, 65, 384),
(403, 'Shinx', 'Electric', 45, 65, 34, 40, 34, 45, 263),
(404, 'Luxio', 'Electric', 60, 85, 49, 60, 49, 60, 363),
(405, 'Luxray', 'Electric', 80, 120, 79, 95, 79, 70, 523),
(406, 'Budew', 'Grass & Poison', 40, 30, 35, 50, 70, 55, 280),
(407, 'Roserade', 'Grass & Poison', 60, 70, 65, 125, 105, 90, 515),
(408, 'Cranidos', 'Rock', 67, 125, 40, 30, 30, 58, 350),
(409, 'Rampardos', 'Rock', 97, 165, 60, 65, 50, 58, 495),
(410, 'Shieldon', 'Rock & Steel', 30, 42, 118, 42, 88, 30, 350),
(411, 'Bastiodon', 'Rock & Steel', 60, 52, 168, 47, 138, 30, 495),
(412, 'Burmy', 'Bug', 40, 29, 45, 29, 45, 36, 224),
(413, 'Wormadam', 'Bug & Grass', 60, 59, 85, 79, 105, 36, 424),
(413, 'Wormadam (Sandy Cloak)', 'Bug & Ground', 60, 79, 105, 59, 85, 36, 424),
(413, 'Wormadam (Trash Cloak)', 'Bug & Steel', 60, 69, 95, 69, 95, 36, 424),
(414, 'Mothim', 'Bug & Flying', 70, 94, 50, 94, 50, 66, 424),
(415, 'Combee', 'Bug & Flying', 30, 30, 42, 30, 42, 70, 244),
(416, 'Vespiquen', 'Bug & Flying', 70, 80, 102, 80, 102, 40, 474),
(417, 'Pachirisu', 'Electric', 60, 45, 70, 45, 90, 95, 405),
(418, 'Buizel', 'Water', 55, 65, 35, 60, 30, 85, 330),
(419, 'Floatzel', 'Water', 85, 105, 55, 85, 50, 115, 495),
(420, 'Cherubi', 'Grass', 45, 35, 45, 62, 53, 35, 275),
(421, 'Cherrim', 'Grass', 70, 60, 70, 87, 78, 85, 450),
(421, 'Cherrim (Sunshine Form)', 'Grass', 70, 60, 70, 87, 78, 85, 450),
(422, 'Shellos', 'Water', 76, 48, 48, 57, 62, 34, 325),
(423, 'Gastrodon', 'Water & Ground', 111, 83, 68, 92, 82, 39, 475),
(424, 'Ambipom', 'Normal', 75, 100, 66, 60, 66, 115, 482),
(425, 'Drifloon', 'Ghost & Flying', 90, 50, 34, 60, 44, 70, 348),
(426, 'Drifblim', 'Ghost & Flying', 150, 80, 44, 90, 54, 80, 498),
(427, 'Buneary', 'Normal', 55, 66, 44, 44, 56, 85, 350),
(428, 'Lopunny', 'Normal', 65, 76, 84, 54, 96, 105, 480),
(428, 'Mega Lopunny', 'Normal & Fighting', 65, 136, 94, 54, 96, 135, 580),
(429, 'Mismagius', 'Ghost', 60, 60, 60, 105, 105, 105, 495),
(430, 'Honchkrow', 'Dark & Flying', 100, 125, 52, 105, 52, 71, 505),
(431, 'Glameow', 'Normal', 49, 55, 42, 42, 37, 85, 310),
(432, 'Purugly', 'Normal', 71, 82, 64, 64, 59, 112, 452),
(433, 'Chingling', 'Psychic', 45, 30, 50, 65, 50, 45, 285),
(434, 'Stunky', 'Poison & Dark', 63, 63, 47, 41, 41, 74, 329),
(435, 'Skuntank', 'Poison & Dark', 103, 93, 67, 71, 61, 84, 479),
(436, 'Bronzor', 'Steel & Psychic', 57, 24, 86, 24, 86, 23, 300),
(437, 'Bronzong', 'Steel & Psychic', 67, 89, 116, 79, 116, 33, 500),
(438, 'Bonsly', 'Rock', 50, 80, 95, 10, 45, 10, 290),
(439, 'Mime Jr.', 'Psychic & Fairy', 20, 25, 45, 70, 90, 60, 310),
(440, 'Happiny', 'Normal', 100, 5, 5, 15, 65, 30, 220),
(441, 'Chatot', 'Normal & Flying', 76, 65, 45, 92, 42, 91, 411),
(442, 'Spiritomb', 'Ghost & Dark', 50, 92, 108, 92, 108, 35, 485),
(443, 'Gible', 'Dragon & Ground', 58, 70, 45, 40, 45, 42, 300),
(444, 'Gabite', 'Dragon & Ground', 68, 90, 65, 50, 55, 82, 410),
(445, 'Garchomp', 'Dragon & Ground', 108, 130, 95, 80, 85, 102, 600),
(445, 'Mega Garchomp', 'Dragon & Ground', 108, 170, 115, 120, 95, 92, 700),
(446, 'Munchlax', 'Normal', 135, 85, 40, 40, 85, 5, 390),
(447, 'Riolu', 'Fighting', 40, 70, 40, 35, 40, 60, 285),
(448, 'Lucario', 'Fighting & Steel', 70, 110, 70, 115, 70, 90, 525),
(448, 'Mega Lucario', 'Fighting & Steel', 70, 145, 88, 140, 70, 112, 625),
(449, 'Hippopotas', 'Ground', 68, 72, 78, 38, 42, 32, 330),
(450, 'Hippowdon', 'Ground', 108, 112, 118, 68, 72, 47, 525),
(451, 'Skorupi', 'Poison & Bug', 40, 50, 90, 30, 55, 65, 330),
(452, 'Drapion', 'Poison & Dark', 70, 90, 110, 60, 75, 95, 500),
(453, 'Croagunk', 'Poison & Fighting', 48, 61, 40, 61, 40, 50, 300),
(454, 'Toxicroak', 'Poison & Fighting', 83, 106, 65, 86, 65, 85, 490),
(455, 'Carnivine', 'Grass', 74, 100, 72, 90, 72, 46, 454),
(456, 'Finneon', 'Water', 49, 49, 56, 49, 61, 66, 330),
(457, 'Lumineon', 'Water', 69, 69, 76, 69, 86, 91, 460),
(458, 'Mantyke', 'Water & Flying', 45, 20, 50, 60, 120, 50, 345),
(459, 'Snover', 'Grass & Ice', 60, 62, 50, 62, 60, 40, 334),
(460, 'Abomasnow', 'Grass & Ice', 90, 92, 75, 92, 85, 60, 494),
(460, 'Mega Abomasnow', 'Grass & Ice', 90, 132, 105, 132, 105, 30, 594),
(461, 'Weavile', 'Dark & Ice', 70, 120, 65, 45, 85, 125, 510),
(462, 'Magnezone', 'Electric & Steel', 70, 70, 115, 130, 90, 60, 535),
(463, 'Lickilicky', 'Normal', 110, 85, 95, 80, 95, 50, 515),
(464, 'Rhyperior', 'Ground & Rock', 115, 140, 130, 55, 55, 40, 535),
(465, 'Tangrowth', 'Grass', 100, 100, 125, 110, 50, 50, 535),
(466, 'Electivire', 'Electric', 75, 123, 67, 95, 85, 95, 540),
(467, 'Magmortar', 'Fire', 75, 95, 67, 125, 95, 83, 540),
(468, 'Togekiss', 'Fairy & Flying', 85, 50, 95, 120, 115, 80, 545),
(469, 'Yanmega', 'Bug & Flying', 86, 76, 86, 116, 56, 95, 515),
(470, 'Leafeon', 'Grass', 65, 110, 130, 60, 65, 95, 525),
(471, 'Glaceon', 'Ice', 65, 60, 110, 130, 95, 65, 525),
(472, 'Gliscor', 'Ground & Flying', 75, 95, 125, 45, 75, 95, 510),
(473, 'Mamoswine', 'Ice & Ground', 110, 130, 80, 70, 60, 80, 530),
(474, 'Porygon-Z', 'Normal', 85, 80, 70, 135, 75, 90, 535),
(475, 'Gallade', 'Psychic & Fighting', 68, 125, 65, 65, 115, 80, 518),
(475, 'Mega Gallade', 'Psychic & Fighting', 68, 165, 95, 65, 115, 110, 618),
(476, 'Probopass', 'Rock & Steel', 60, 55, 145, 75, 150, 40, 525),
(477, 'Dusknoir', 'Ghost', 45, 100, 135, 65, 135, 45, 525),
(478, 'Froslass', 'Ice & Ghost', 70, 80, 70, 80, 70, 110, 480),
(479, 'Rotom', 'Electric & Ghost', 50, 50, 77, 95, 77, 91, 440),
(479, 'Rotom (Heat Rotom)', 'Electric & Fire', 50, 65, 107, 105, 107, 86, 520),
(479, 'Rotom (Wash Rotom)', 'Electric & Water', 50, 65, 107, 105, 107, 86, 520),
(479, 'Rotom (Frost Rotom)', 'Electric & Ice', 50, 65, 107, 105, 107, 86, 520),
(479, 'Rotom (Fan Rotom)', 'Electric & Flying', 50, 65, 107, 105, 107, 86, 520),
(479, 'Rotom (Mow Rotom)', 'Electric & Grass', 50, 65, 107, 105, 107, 86, 520),
(480, 'Uxie', 'Psychic', 75, 75, 130, 75, 130, 95, 580),
(481, 'Mesprit', 'Psychic', 80, 105, 105, 105, 105, 80, 580),
(482, 'Azelf', 'Psychic', 75, 125, 70, 125, 70, 115, 580),
(483, 'Dialga', 'Steel & Dragon', 100, 120, 120, 150, 100, 90, 680),
(484, 'Palkia', 'Water & Dragon', 90, 120, 100, 150, 120, 100, 680),
(485, 'Heatran', 'Fire & Steel', 91, 90, 106, 130, 106, 77, 600),
(486, 'Regigigas', 'Normal', 110, 160, 110, 80, 110, 100, 670),
(487, 'Giratina', 'Ghost & Dragon', 150, 100, 120, 100, 120, 90, 680),
(487, 'Giratina (Origin Forme)', 'Ghost & Dragon', 150, 120, 100, 120, 100, 90, 680),
(488, 'Cresselia', 'Psychic', 120, 70, 120, 75, 130, 85, 600),
(489, 'Phione', 'Water', 80, 80, 80, 80, 80, 80, 480),
(490, 'Manaphy', 'Water', 100, 100, 100, 100, 100, 100, 600),
(491, 'Darkrai', 'Dark', 70, 90, 90, 135, 90, 125, 600),
(492, 'Shaymin', 'Grass', 100, 100, 100, 100, 100, 100, 600),
(492, 'Shaymin (Sky Forme)', 'Grass & Flying', 100, 103, 75, 120, 75, 127, 600),
(493, 'Arceus', 'Normal', 120, 120, 120, 120, 120, 120, 720),
(494, 'Victini', 'Psychic & Fire', 100, 100, 100, 100, 100, 100, 600),
(495, 'Snivy', 'Grass', 45, 45, 55, 45, 55, 63, 308),
(496, 'Servine', 'Grass', 60, 60, 75, 60, 75, 83, 413),
(497, 'Serperior', 'Grass', 75, 75, 95, 75, 95, 113, 528),
(498, 'Tepig', 'Fire', 65, 63, 45, 45, 45, 45, 308),
(499, 'Pignite', 'Fire & Fighting', 90, 93, 55, 70, 55, 55, 418),
(500, 'Emboar', 'Fire & Fighting', 110, 123, 65, 100, 65, 65, 528),
(501, 'Oshawott', 'Water', 55, 55, 45, 63, 45, 45, 308),
(502, 'Dewott', 'Water', 75, 75, 60, 83, 60, 60, 413),
(503, 'Samurott', 'Water', 95, 100, 85, 108, 70, 70, 528),
(504, 'Patrat', 'Normal', 45, 55, 39, 35, 39, 42, 255),
(505, 'Watchog', 'Normal', 60, 85, 69, 60, 69, 77, 420),
(506, 'Lillipup', 'Normal', 45, 60, 45, 25, 45, 55, 275),
(507, 'Herdier', 'Normal', 65, 80, 65, 35, 65, 60, 370),
(508, 'Stoutland', 'Normal', 85, 110, 90, 45, 90, 80, 500),
(509, 'Purrloin', 'Dark', 41, 50, 37, 50, 37, 66, 281),
(510, 'Liepard', 'Dark', 64, 88, 50, 88, 50, 106, 446),
(511, 'Pansage', 'Grass', 50, 53, 48, 53, 48, 64, 316),
(512, 'Simisage', 'Grass', 75, 98, 63, 98, 63, 101, 498),
(513, 'Pansear', 'Fire', 50, 53, 48, 53, 48, 64, 316),
(514, 'Simisear', 'Fire', 75, 98, 63, 98, 63, 101, 498),
(515, 'Panpour', 'Water', 50, 53, 48, 53, 48, 64, 316),
(516, 'Simipour', 'Water', 75, 98, 63, 98, 63, 101, 498),
(517, 'Munna', 'Psychic', 76, 25, 45, 67, 55, 24, 292),
(518, 'Musharna', 'Psychic', 116, 55, 85, 107, 95, 29, 487),
(519, 'Pidove', 'Normal & Flying', 50, 55, 50, 36, 30, 43, 264),
(520, 'Tranquill', 'Normal & Flying', 62, 77, 62, 50, 42, 65, 358),
(521, 'Unfezant', 'Normal & Flying', 80, 115, 80, 65, 55, 93, 488),
(522, 'Blitzle', 'Electric', 45, 60, 32, 50, 32, 76, 295),
(523, 'Zebstrika', 'Electric', 75, 100, 63, 80, 63, 116, 497),
(524, 'Roggenrola', 'Rock', 55, 75, 85, 25, 25, 15, 280),
(525, 'Boldore', 'Rock', 70, 105, 105, 50, 40, 20, 390),
(526, 'Gigalith', 'Rock', 85, 135, 130, 60, 80, 25, 515),
(527, 'Woobat', 'Psychic & Flying', 55, 45, 43, 55, 43, 72, 313),
(528, 'Swoobat', 'Psychic & Flying', 67, 57, 55, 77, 55, 114, 425),
(529, 'Drilbur', 'Ground', 60, 85, 40, 30, 45, 68, 328),
(530, 'Excadrill', 'Ground & Steel', 110, 135, 60, 50, 65, 88, 508),
(531, 'Audino', 'Normal', 103, 60, 86, 60, 86, 50, 445),
(531, 'Mega Audino', 'Normal & Fairy', 103, 60, 126, 80, 126, 50, 545),
(532, 'Timburr', 'Fighting', 75, 80, 55, 25, 35, 35, 305),
(533, 'Gurdurr', 'Fighting', 85, 105, 85, 40, 50, 40, 405),
(534, 'Conkeldurr', 'Fighting', 105, 140, 95, 55, 65, 45, 505),
(535, 'Tympole', 'Water', 50, 50, 40, 50, 40, 64, 294),
(536, 'Palpitoad', 'Water & Ground', 75, 65, 55, 65, 55, 69, 384),
(537, 'Seismitoad', 'Water & Ground', 105, 95, 75, 85, 75, 74, 509),
(538, 'Throh', 'Fighting', 120, 100, 85, 30, 85, 45, 465),
(539, 'Sawk', 'Fighting', 75, 125, 75, 30, 75, 85, 465),
(540, 'Sewaddle', 'Bug & Grass', 45, 53, 70, 40, 60, 42, 310),
(541, 'Swadloon', 'Bug & Grass', 55, 63, 90, 50, 80, 42, 380),
(542, 'Leavanny', 'Bug & Grass', 75, 103, 80, 70, 80, 92, 500),
(543, 'Venipede', 'Bug & Poison', 30, 45, 59, 30, 39, 57, 260),
(544, 'Whirlipede', 'Bug & Poison', 40, 55, 99, 40, 79, 47, 360),
(545, 'Scolipede', 'Bug & Poison', 60, 100, 89, 55, 69, 112, 485),
(546, 'Cottonee', 'Grass & Fairy', 40, 27, 60, 37, 50, 66, 280),
(547, 'Whimsicott', 'Grass & Fairy', 60, 67, 85, 77, 75, 116, 480),
(548, 'Petilil', 'Grass', 45, 35, 50, 70, 50, 30, 280),
(549, 'Lilligant', 'Grass', 70, 60, 75, 110, 75, 90, 480),
(550, 'Basculin', 'Water', 70, 92, 65, 80, 55, 98, 460),
(550, 'Basculin (Blue-Striped Form)', 'Water', 70, 92, 65, 80, 55, 98, 460),
(551, 'Sandile', 'Ground & Dark', 50, 72, 35, 35, 35, 65, 292),
(552, 'Krokorok', 'Ground & Dark', 60, 82, 45, 45, 45, 74, 351),
(553, 'Krookodile', 'Ground & Dark', 95, 117, 80, 65, 70, 92, 519),
(554, 'Darumaka', 'Fire', 70, 90, 45, 15, 45, 50, 315),
(555, 'Darmanitan', 'Fire', 105, 140, 55, 30, 55, 95, 480),
(555, 'Darmanitan (Zen Mode)', 'Fire & Psychic', 105, 30, 105, 140, 105, 55, 540),
(556, 'Maractus', 'Grass', 75, 86, 67, 106, 67, 60, 461),
(557, 'Dwebble', 'Bug & Rock', 50, 65, 85, 35, 35, 55, 325),
(558, 'Crustle', 'Bug & Rock', 70, 95, 125, 65, 75, 45, 475),
(559, 'Scraggy', 'Dark & Fighting', 50, 75, 70, 35, 70, 48, 348),
(560, 'Scrafty', 'Dark & Fighting', 65, 90, 115, 45, 115, 58, 488),
(561, 'Sigilyph', 'Psychic & Flying', 72, 58, 80, 103, 80, 97, 490),
(562, 'Yamask', 'Ghost', 38, 30, 85, 55, 65, 30, 303),
(563, 'Cofagrigus', 'Ghost', 58, 50, 145, 95, 105, 30, 483),
(564, 'Tirtouga', 'Water & Rock', 54, 78, 103, 53, 45, 22, 355),
(565, 'Carracosta', 'Water & Rock', 74, 108, 133, 83, 65, 32, 495),
(566, 'Archen', 'Rock & Flying', 55, 112, 45, 74, 45, 70, 401),
(567, 'Archeops', 'Rock & Flying', 75, 140, 65, 112, 65, 110, 567),
(568, 'Trubbish', 'Poison', 50, 50, 62, 40, 62, 65, 329),
(569, 'Garbodor', 'Poison', 80, 95, 82, 60, 82, 75, 474),
(570, 'Zorua', 'Dark', 40, 65, 40, 80, 40, 65, 330),
(571, 'Zoroark', 'Dark', 60, 105, 60, 120, 60, 105, 510),
(572, 'Minccino', 'Normal', 55, 50, 40, 40, 40, 75, 300),
(573, 'Cinccino', 'Normal', 75, 95, 60, 65, 60, 115, 470),
(574, 'Gothita', 'Psychic', 45, 30, 50, 55, 65, 45, 290),
(575, 'Gothorita', 'Psychic', 60, 45, 70, 75, 85, 55, 390),
(576, 'Gothitelle', 'Psychic', 70, 55, 95, 95, 110, 65, 490),
(577, 'Solosis', 'Psychic', 45, 30, 40, 105, 50, 20, 290),
(578, 'Duosion', 'Psychic', 65, 40, 50, 125, 60, 30, 370),
(579, 'Reuniclus', 'Psychic', 110, 65, 75, 125, 85, 30, 490),
(580, 'Ducklett', 'Water & Flying', 62, 44, 50, 44, 50, 55, 305),
(581, 'Swanna', 'Water & Flying', 75, 87, 63, 87, 63, 98, 473),
(582, 'Vanillite', 'Ice', 36, 50, 50, 65, 60, 44, 305),
(583, 'Vanillish', 'Ice', 51, 65, 65, 80, 75, 59, 395),
(584, 'Vanilluxe', 'Ice', 71, 95, 85, 110, 95, 79, 535),
(585, 'Deerling', 'Normal & Grass', 60, 60, 50, 40, 50, 75, 335),
(586, 'Sawsbuck', 'Normal & Grass', 80, 100, 70, 60, 70, 95, 475),
(587, 'Emolga', 'Electric & Flying', 55, 75, 60, 75, 60, 103, 428),
(588, 'Karrablast', 'Bug', 50, 75, 45, 40, 45, 60, 315),
(589, 'Escavalier', 'Bug & Steel', 70, 135, 105, 60, 105, 20, 495),
(590, 'Foongus', 'Grass & Poison', 69, 55, 45, 55, 55, 15, 294),
(591, 'Amoonguss', 'Grass & Poison', 114, 85, 70, 85, 80, 30, 464),
(592, 'Frillish', 'Water & Ghost', 55, 40, 50, 65, 85, 40, 335),
(593, 'Jellicent', 'Water & Ghost', 100, 60, 70, 85, 105, 60, 480),
(594, 'Alomomola', 'Water', 165, 75, 80, 40, 45, 65, 470),
(595, 'Joltik', 'Bug & Electric', 50, 47, 50, 57, 50, 65, 319),
(596, 'Galvantula', 'Bug & Electric', 70, 77, 60, 97, 60, 108, 472),
(597, 'Ferroseed', 'Grass & Steel', 44, 50, 91, 24, 86, 10, 305),
(598, 'Ferrothorn', 'Grass & Steel', 74, 94, 131, 54, 116, 20, 489),
(599, 'Klink', 'Steel', 40, 55, 70, 45, 60, 30, 300),
(600, 'Klang', 'Steel', 60, 80, 95, 70, 85, 50, 440),
(601, 'Klinklang', 'Steel', 60, 100, 115, 70, 85, 90, 520),
(602, 'Tynamo', 'Electric', 35, 55, 40, 45, 40, 60, 275),
(603, 'Eelektrik', 'Electric', 65, 85, 70, 75, 70, 40, 405),
(604, 'Eelektross', 'Electric', 85, 115, 80, 105, 80, 50, 515),
(605, 'Elgyem', 'Psychic', 55, 55, 55, 85, 55, 30, 335),
(606, 'Beheeyem', 'Psychic', 75, 75, 75, 125, 95, 40, 485),
(607, 'Litwick', 'Ghost & Fire', 50, 30, 55, 65, 55, 20, 275),
(608, 'Lampent', 'Ghost & Fire', 60, 40, 60, 95, 60, 55, 370),
(609, 'Chandelure', 'Ghost & Fire', 60, 55, 90, 145, 90, 80, 520),
(610, 'Axew', 'Dragon', 46, 87, 60, 30, 40, 57, 320),
(611, 'Fraxure', 'Dragon', 66, 117, 70, 40, 50, 67, 410),
(612, 'Haxorus', 'Dragon', 76, 147, 90, 60, 70, 97, 540),
(613, 'Cubchoo', 'Ice', 55, 70, 40, 60, 40, 40, 305),
(614, 'Beartic', 'Ice', 95, 110, 80, 70, 80, 50, 485),
(615, 'Cryogonal', 'Ice', 70, 50, 30, 95, 135, 105, 485),
(616, 'Shelmet', 'Bug', 50, 40, 85, 40, 65, 25, 305),
(617, 'Accelgor', 'Bug', 80, 70, 40, 100, 60, 145, 495),
(618, 'Stunfisk', 'Ground & Electric', 109, 66, 84, 81, 99, 32, 471),
(619, 'Mienfoo', 'Fighting', 45, 85, 50, 55, 50, 65, 350),
(620, 'Mienshao', 'Fighting', 65, 125, 60, 95, 60, 105, 510),
(621, 'Druddigon', 'Dragon', 77, 120, 90, 60, 90, 48, 485),
(622, 'Golett', 'Ground & Ghost', 59, 74, 50, 35, 50, 35, 303),
(623, 'Golurk', 'Ground & Ghost', 89, 124, 80, 55, 80, 55, 483),
(624, 'Pawniard', 'Dark & Steel', 45, 85, 70, 40, 40, 60, 340),
(625, 'Bisharp', 'Dark & Steel', 65, 125, 100, 60, 70, 70, 490),
(626, 'Bouffalant', 'Normal', 95, 110, 95, 40, 95, 55, 490),
(627, 'Rufflet', 'Normal & Flying', 70, 83, 50, 37, 50, 60, 350);

-- --------------------------------------------------------

--
-- Table structure for table `resistant_to`
--

CREATE TABLE `resistant_to` (
  `Type` varchar(8) DEFAULT NULL,
  `Normal` int(1) DEFAULT NULL,
  `Fighting` int(1) DEFAULT NULL,
  `Flying` int(1) DEFAULT NULL,
  `Poison` int(1) DEFAULT NULL,
  `Ground` int(1) DEFAULT NULL,
  `Rock` int(1) DEFAULT NULL,
  `Bug` int(1) DEFAULT NULL,
  `Ghost` int(1) DEFAULT NULL,
  `Steel` int(1) DEFAULT NULL,
  `Fire` int(1) DEFAULT NULL,
  `Water` int(1) DEFAULT NULL,
  `Grass` int(1) DEFAULT NULL,
  `Electric` int(1) DEFAULT NULL,
  `Psychic` int(1) DEFAULT NULL,
  `Ice` int(1) DEFAULT NULL,
  `Dragon` int(1) DEFAULT NULL,
  `Fairy` int(1) DEFAULT NULL,
  `Dark` int(1) DEFAULT NULL
) ENGINE=InnoDB DEFAULT CHARSET=utf8;

--
-- Dumping data for table `resistant_to`
--

INSERT INTO `resistant_to` (`Type`, `Normal`, `Fighting`, `Flying`, `Poison`, `Ground`, `Rock`, `Bug`, `Ghost`, `Steel`, `Fire`, `Water`, `Grass`, `Electric`, `Psychic`, `Ice`, `Dragon`, `Fairy`, `Dark`) VALUES
('Normal', 0, 0, 0, 0, 0, 0, 0, 1, 0, 0, 0, 0, 0, 0, 0, 0, 0, 0),
('Fighting', 0, 0, 0, 0, 0, 1, 1, 0, 0, 0, 0, 0, 0, 0, 0, 0, 0, 1),
('Flying', 0, 1, 0, 0, 1, 0, 1, 0, 0, 0, 0, 1, 0, 0, 0, 0, 0, 0),
('Poison', 0, 1, 0, 1, 0, 0, 0, 0, 0, 0, 0, 1, 0, 0, 0, 0, 1, 0),
('Ground', 0, 0, 0, 1, 0, 1, 0, 0, 0, 0, 0, 0, 1, 0, 0, 0, 0, 0),
('Rock', 1, 0, 1, 1, 0, 0, 0, 0, 0, 1, 0, 0, 0, 0, 0, 0, 0, 0),
('Bug', 0, 1, 0, 0, 1, 0, 0, 0, 0, 0, 0, 1, 0, 0, 0, 0, 0, 0),
('Ghost', 1, 1, 0, 1, 0, 0, 1, 0, 0, 0, 0, 0, 0, 0, 0, 0, 0, 0),
('Steel', 1, 0, 1, 1, 0, 1, 1, 0, 1, 0, 0, 1, 0, 1, 1, 1, 1, 0),
('Fire', 0, 0, 0, 0, 0, 0, 1, 0, 1, 1, 0, 1, 0, 0, 1, 0, 0, 0),
('Water', 0, 0, 0, 0, 0, 0, 0, 0, 1, 1, 1, 0, 0, 0, 1, 0, 0, 0),
('Grass', 0, 0, 0, 0, 1, 0, 0, 0, 0, 0, 1, 1, 1, 0, 0, 0, 0, 0),
('Electric', 0, 0, 1, 0, 0, 0, 0, 0, 1, 0, 0, 0, 1, 0, 0, 0, 0, 0),
('Psychic', 0, 1, 0, 0, 0, 0, 0, 0, 0, 0, 0, 0, 0, 1, 0, 0, 0, 0),
('Ice', 0, 0, 0, 0, 0, 0, 0, 0, 0, 0, 0, 0, 0, 0, 1, 0, 0, 0),
('Dragon', 0, 0, 0, 0, 0, 0, 0, 0, 0, 1, 1, 1, 1, 0, 0, 0, 0, 0),
('Fairy', 0, 1, 0, 0, 0, 0, 1, 0, 0, 0, 0, 0, 0, 0, 0, 1, 0, 1),
('Dark', 0, 0, 0, 0, 0, 0, 0, 1, 0, 0, 0, 0, 0, 1, 0, 0, 0, 1);

-- --------------------------------------------------------

--
-- Table structure for table `strong_against`
--

CREATE TABLE `strong_against` (
  `Type` varchar(8) DEFAULT NULL,
  `Normal` int(1) DEFAULT NULL,
  `Fighting` int(1) DEFAULT NULL,
  `Flying` int(1) DEFAULT NULL,
  `Poison` int(1) DEFAULT NULL,
  `Ground` int(1) DEFAULT NULL,
  `Rock` int(1) DEFAULT NULL,
  `Bug` int(1) DEFAULT NULL,
  `Ghost` int(1) DEFAULT NULL,
  `Steel` int(1) DEFAULT NULL,
  `Fire` int(1) DEFAULT NULL,
  `Water` int(1) DEFAULT NULL,
  `Grass` int(1) DEFAULT NULL,
  `Electric` int(1) DEFAULT NULL,
  `Psychic` int(1) DEFAULT NULL,
  `Ice` int(1) DEFAULT NULL,
  `Dragon` int(1) DEFAULT NULL,
  `Fairy` int(1) DEFAULT NULL,
  `Dark` int(1) DEFAULT NULL
) ENGINE=InnoDB DEFAULT CHARSET=utf8;

--
-- Dumping data for table `strong_against`
--

INSERT INTO `strong_against` (`Type`, `Normal`, `Fighting`, `Flying`, `Poison`, `Ground`, `Rock`, `Bug`, `Ghost`, `Steel`, `Fire`, `Water`, `Grass`, `Electric`, `Psychic`, `Ice`, `Dragon`, `Fairy`, `Dark`) VALUES
('Normal', 0, 0, 0, 0, 0, 0, 0, 0, 0, 0, 0, 0, 0, 0, 0, 0, 0, 0),
('Fighting', 1, 0, 0, 0, 0, 1, 0, 0, 1, 0, 0, 0, 0, 0, 1, 0, 0, 1),
('Flying', 0, 1, 0, 0, 0, 0, 1, 0, 0, 0, 0, 1, 0, 0, 0, 0, 0, 0),
('Poison', 0, 0, 0, 0, 0, 0, 0, 0, 0, 0, 0, 1, 0, 0, 0, 0, 1, 0),
('Ground', 0, 0, 0, 1, 0, 1, 0, 0, 1, 1, 0, 0, 1, 0, 0, 0, 0, 0),
('Rock', 0, 0, 1, 0, 0, 0, 1, 0, 0, 1, 0, 0, 0, 0, 1, 0, 0, 0),
('Bug', 0, 0, 0, 0, 0, 0, 0, 0, 0, 0, 0, 1, 0, 1, 0, 0, 0, 1),
('Ghost', 0, 0, 0, 0, 0, 0, 0, 1, 0, 0, 0, 0, 0, 1, 0, 0, 0, 0),
('Steel', 0, 0, 0, 0, 0, 1, 0, 0, 0, 0, 0, 0, 0, 0, 1, 0, 1, 0),
('Fire', 0, 0, 0, 0, 0, 0, 1, 0, 1, 0, 0, 1, 0, 0, 1, 0, 0, 0),
('Water', 0, 0, 0, 0, 1, 1, 0, 0, 0, 1, 0, 0, 0, 0, 0, 0, 0, 0),
('Grass', 0, 0, 0, 0, 1, 1, 0, 0, 0, 0, 1, 0, 0, 0, 0, 0, 0, 0),
('Electric', 0, 0, 1, 0, 0, 0, 0, 0, 0, 0, 1, 0, 0, 0, 0, 0, 0, 0),
('Psychic', 0, 1, 0, 1, 0, 0, 0, 0, 0, 0, 0, 0, 0, 0, 0, 0, 0, 0),
('Ice', 0, 0, 1, 0, 1, 0, 0, 0, 0, 0, 0, 1, 0, 0, 0, 1, 0, 0),
('Dragon', 0, 0, 0, 0, 0, 0, 0, 0, 0, 0, 0, 0, 0, 0, 0, 1, 0, 0),
('Fairy', 0, 1, 0, 0, 0, 0, 0, 0, 0, 0, 0, 0, 0, 0, 0, 1, 0, 1),
('Dark', 0, 0, 0, 0, 0, 0, 0, 1, 0, 0, 0, 0, 0, 1, 0, 0, 0, 0);

-- --------------------------------------------------------

--
-- Table structure for table `two_types`
--

CREATE TABLE `two_types` (
  `ID` int(3) DEFAULT NULL,
  `Name` varchar(23) DEFAULT NULL,
  `Type1` varchar(6) DEFAULT NULL,
  `Type2` varchar(6) DEFAULT NULL
) ENGINE=InnoDB DEFAULT CHARSET=utf8;

--
-- Dumping data for table `two_types`
--

INSERT INTO `two_types` (`ID`, `Name`, `Type1`, `Type2`) VALUES
(389, 'Torterra', 'Grass', 'Ground'),
(391, 'Monferno', 'Fire', 'Fight'),
(392, 'Infernape', 'Fire', 'Fight'),
(395, 'Empoleon', 'Water', 'Steel'),
(396, 'Starly', 'Normal', 'Flying'),
(397, 'Staravia', 'Normal', 'Flying'),
(398, 'Staraptor', 'Normal', 'Flying'),
(400, 'Bibarel', 'Normal', 'Water'),
(406, 'Budew', 'Grass', 'Poison'),
(407, 'Roserade', 'Grass', 'Poison'),
(410, 'Shieldon', 'Rock', 'Steel'),
(411, 'Bastiodon', 'Rock', 'Steel'),
(413, 'Wormadam', 'Bug', 'Grass'),
(413, 'Wormadam (Sandy Cloak)', 'Bug', 'Ground'),
(413, 'Wormadam (Trash Cloak)', 'Bug', 'Steel'),
(414, 'Mothim', 'Bug', 'Flying'),
(415, 'Combee', 'Bug', 'Flying'),
(416, 'Vespiquen', 'Bug', 'Flying'),
(423, 'Gastrodon', 'Water', 'Ground'),
(425, 'Drifloon', 'Ghost', 'Flying'),
(426, 'Drifblim', 'Ghost', 'Flying'),
(428, 'Mega Lopunny', 'Normal', 'Fight'),
(430, 'Honchkrow', 'Dark', 'Flying'),
(434, 'Stunky', 'Poison', 'Dark'),
(435, 'Skuntank', 'Poison', 'Dark'),
(436, 'Bronzor', 'Steel', 'Psychc'),
(437, 'Bronzong', 'Steel', 'Psychc'),
(439, 'Mime Jr.', 'Psychc', 'Fairy'),
(441, 'Chatot', 'Normal', 'Flying'),
(442, 'Spiritomb', 'Ghost', 'Dark'),
(443, 'Gible', 'Dragon', 'Ground'),
(444, 'Gabite', 'Dragon', 'Ground'),
(445, 'Garchomp', 'Dragon', 'Ground'),
(445, 'Mega Garchomp', 'Dragon', 'Ground'),
(448, 'Lucario', 'Fight', 'Steel'),
(448, 'Mega Lucario', 'Fight', 'Steel'),
(451, 'Skorupi', 'Poison', 'Bug'),
(452, 'Drapion', 'Poison', 'Dark'),
(453, 'Croagunk', 'Poison', 'Fight'),
(454, 'Toxicroak', 'Poison', 'Fight'),
(458, 'Mantyke', 'Water', 'Flying'),
(459, 'Snover', 'Grass', 'Ice'),
(460, 'Abomasnow', 'Grass', 'Ice'),
(460, 'Mega Abomasnow', 'Grass', 'Ice'),
(461, 'Weavile', 'Dark', 'Ice'),
(462, 'Magnezone', 'Electr', 'Steel'),
(464, 'Rhyperior', 'Ground', 'Rock'),
(468, 'Togekiss', 'Fairy', 'Flying'),
(469, 'Yanmega', 'Bug', 'Flying'),
(472, 'Gliscor', 'Ground', 'Flying'),
(473, 'Mamoswine', 'Ice', 'Ground'),
(475, 'Gallade', 'Psychc', 'Fight'),
(475, 'Mega Gallade', 'Psychc', 'Fight'),
(476, 'Probopass', 'Rock', 'Steel'),
(478, 'Froslass', 'Ice', 'Ghost'),
(479, 'Rotom', 'Electr', 'Ghost'),
(479, 'Rotom (Heat Rotom)', 'Electr', 'Fire'),
(479, 'Rotom (Wash Rotom)', 'Electr', 'Water'),
(479, 'Rotom (Frost Rotom)', 'Electr', 'Ice'),
(479, 'Rotom (Fan Rotom)', 'Electr', 'Flying'),
(479, 'Rotom (Mow Rotom)', 'Electr', 'Grass'),
(483, 'Dialga', 'Steel', 'Dragon'),
(484, 'Palkia', 'Water', 'Dragon'),
(485, 'Heatran', 'Fire', 'Steel'),
(487, 'Giratina', 'Ghost', 'Dragon'),
(487, 'Giratina (Origin Forme)', 'Ghost', 'Dragon'),
(492, 'Shaymin (Sky Forme)', 'Grass', 'Flying'),
(494, 'Victini', 'Psychc', 'Fire'),
(499, 'Pignite', 'Fire', 'Fight'),
(500, 'Emboar', 'Fire', 'Fight'),
(519, 'Pidove', 'Normal', 'Flying'),
(520, 'Tranquill', 'Normal', 'Flying'),
(521, 'Unfezant', 'Normal', 'Flying'),
(527, 'Woobat', 'Psychc', 'Flying'),
(528, 'Swoobat', 'Psychc', 'Flying'),
(530, 'Excadrill', 'Ground', 'Steel'),
(531, 'Mega Audino', 'Normal', 'Fairy'),
(536, 'Palpitoad', 'Water', 'Ground'),
(537, 'Seismitoad', 'Water', 'Ground'),
(540, 'Sewaddle', 'Bug', 'Grass'),
(541, 'Swadloon', 'Bug', 'Grass'),
(542, 'Leavanny', 'Bug', 'Grass'),
(543, 'Venipede', 'Bug', 'Poison'),
(544, 'Whirlipede', 'Bug', 'Poison'),
(545, 'Scolipede', 'Bug', 'Poison'),
(546, 'Cottonee', 'Grass', 'Fairy'),
(547, 'Whimsicott', 'Grass', 'Fairy'),
(551, 'Sandile', 'Ground', 'Dark'),
(552, 'Krokorok', 'Ground', 'Dark'),
(553, 'Krookodile', 'Ground', 'Dark'),
(555, 'Darmanitan (Zen Mode)', 'Fire', 'Psychc'),
(557, 'Dwebble', 'Bug', 'Rock'),
(558, 'Crustle', 'Bug', 'Rock'),
(559, 'Scraggy', 'Dark', 'Fight'),
(560, 'Scrafty', 'Dark', 'Fight'),
(561, 'Sigilyph', 'Psychc', 'Flying'),
(564, 'Tirtouga', 'Water', 'Rock'),
(565, 'Carracosta', 'Water', 'Rock'),
(566, 'Archen', 'Rock', 'Flying'),
(567, 'Archeops', 'Rock', 'Flying'),
(580, 'Ducklett', 'Water', 'Flying'),
(581, 'Swanna', 'Water', 'Flying'),
(585, 'Deerling', 'Normal', 'Grass'),
(586, 'Sawsbuck', 'Normal', 'Grass'),
(587, 'Emolga', 'Electr', 'Flying'),
(589, 'Escavalier', 'Bug', 'Steel'),
(590, 'Foongus', 'Grass', 'Poison'),
(591, 'Amoonguss', 'Grass', 'Poison'),
(592, 'Frillish', 'Water', 'Ghost'),
(593, 'Jellicent', 'Water', 'Ghost'),
(595, 'Joltik', 'Bug', 'Electr'),
(596, 'Galvantula', 'Bug', 'Electr'),
(597, 'Ferroseed', 'Grass', 'Steel'),
(598, 'Ferrothorn', 'Grass', 'Steel'),
(607, 'Litwick', 'Ghost', 'Fire'),
(608, 'Lampent', 'Ghost', 'Fire'),
(609, 'Chandelure', 'Ghost', 'Fire'),
(618, 'Stunfisk', 'Ground', 'Electr'),
(622, 'Golett', 'Ground', 'Ghost'),
(623, 'Golurk', 'Ground', 'Ghost'),
(624, 'Pawniard', 'Dark', 'Steel'),
(625, 'Bisharp', 'Dark', 'Steel'),
(627, 'Rufflet', 'Normal', 'Flying');

-- --------------------------------------------------------

--
-- Table structure for table `vulnerable_to`
--

CREATE TABLE `vulnerable_to` (
  `Type` varchar(8) DEFAULT NULL,
  `Normal` int(1) DEFAULT NULL,
  `Fighting` int(1) DEFAULT NULL,
  `Flying` int(1) DEFAULT NULL,
  `Poison` int(1) DEFAULT NULL,
  `Ground` int(1) DEFAULT NULL,
  `Rock` int(1) DEFAULT NULL,
  `Bug` int(1) DEFAULT NULL,
  `Ghost` int(1) DEFAULT NULL,
  `Steel` int(1) DEFAULT NULL,
  `Fire` int(1) DEFAULT NULL,
  `Water` int(1) DEFAULT NULL,
  `Grass` int(1) DEFAULT NULL,
  `Electric` int(1) DEFAULT NULL,
  `Psychic` int(1) DEFAULT NULL,
  `Ice` int(1) DEFAULT NULL,
  `Dragon` int(1) DEFAULT NULL,
  `Fairy` int(1) DEFAULT NULL,
  `Dark` int(1) DEFAULT NULL
) ENGINE=InnoDB DEFAULT CHARSET=utf8;

--
-- Dumping data for table `vulnerable_to`
--

INSERT INTO `vulnerable_to` (`Type`, `Normal`, `Fighting`, `Flying`, `Poison`, `Ground`, `Rock`, `Bug`, `Ghost`, `Steel`, `Fire`, `Water`, `Grass`, `Electric`, `Psychic`, `Ice`, `Dragon`, `Fairy`, `Dark`) VALUES
('Normal', 0, 1, 0, 0, 0, 0, 0, 0, 0, 0, 0, 0, 0, 0, 0, 0, 0, 0),
('Fighting', 0, 0, 1, 0, 0, 0, 0, 0, 0, 0, 0, 0, 0, 1, 0, 0, 1, 0),
('Flying', 0, 0, 0, 0, 0, 1, 0, 0, 0, 0, 0, 0, 1, 0, 1, 0, 0, 0),
('Poison', 0, 0, 0, 0, 1, 0, 0, 0, 0, 0, 0, 0, 0, 1, 0, 0, 0, 0),
('Ground', 0, 0, 0, 0, 0, 0, 0, 0, 0, 0, 1, 1, 0, 0, 1, 0, 0, 0),
('Rock', 0, 1, 0, 0, 1, 0, 0, 0, 1, 0, 1, 1, 0, 0, 0, 0, 0, 0),
('Bug', 0, 0, 1, 0, 0, 1, 0, 0, 0, 1, 0, 0, 0, 0, 0, 0, 0, 0),
('Ghost', 0, 0, 0, 0, 0, 0, 0, 1, 0, 0, 0, 0, 0, 0, 0, 0, 0, 1),
('Steel', 0, 1, 0, 0, 1, 0, 0, 0, 0, 1, 0, 0, 0, 0, 0, 0, 0, 0),
('Fire', 0, 0, 0, 0, 1, 1, 0, 0, 0, 0, 1, 0, 0, 0, 0, 0, 0, 0),
('Water', 0, 0, 0, 0, 0, 0, 0, 0, 0, 0, 0, 1, 1, 0, 0, 0, 0, 0),
('Grass', 0, 0, 1, 1, 0, 0, 1, 0, 0, 1, 0, 0, 0, 0, 1, 0, 0, 0),
('Electric', 0, 0, 0, 0, 1, 0, 0, 0, 0, 0, 0, 0, 0, 0, 0, 0, 0, 0),
('Psychic', 0, 0, 0, 0, 0, 0, 1, 1, 0, 0, 0, 0, 0, 0, 0, 0, 0, 1),
('Ice', 0, 1, 0, 0, 0, 1, 0, 0, 1, 1, 0, 0, 0, 0, 0, 0, 0, 0),
('Dragon', 0, 0, 0, 0, 0, 0, 0, 0, 0, 0, 0, 0, 0, 0, 1, 1, 1, 0),
('Fairy', 0, 0, 0, 1, 0, 0, 0, 0, 1, 0, 0, 0, 0, 0, 0, 0, 0, 0),
('Dark', 0, 1, 0, 0, 0, 0, 1, 0, 0, 0, 0, 0, 0, 0, 0, 0, 1, 0);

-- --------------------------------------------------------

--
-- Table structure for table `weak_against`
--

CREATE TABLE `weak_against` (
  `Type` varchar(8) DEFAULT NULL,
  `Normal` int(1) DEFAULT NULL,
  `Fighting` int(1) DEFAULT NULL,
  `Flying` int(1) DEFAULT NULL,
  `Poison` int(1) DEFAULT NULL,
  `Ground` int(1) DEFAULT NULL,
  `Rock` int(1) DEFAULT NULL,
  `Bug` int(1) DEFAULT NULL,
  `Ghost` int(1) DEFAULT NULL,
  `Steel` int(1) DEFAULT NULL,
  `Fire` int(1) DEFAULT NULL,
  `Water` int(1) DEFAULT NULL,
  `Grass` int(1) DEFAULT NULL,
  `Electric` int(1) DEFAULT NULL,
  `Psychic` int(1) DEFAULT NULL,
  `Ice` int(1) DEFAULT NULL,
  `Dragon` int(1) DEFAULT NULL,
  `Fairy` int(1) DEFAULT NULL,
  `Dark` int(1) DEFAULT NULL
) ENGINE=InnoDB DEFAULT CHARSET=utf8;

--
-- Dumping data for table `weak_against`
--

INSERT INTO `weak_against` (`Type`, `Normal`, `Fighting`, `Flying`, `Poison`, `Ground`, `Rock`, `Bug`, `Ghost`, `Steel`, `Fire`, `Water`, `Grass`, `Electric`, `Psychic`, `Ice`, `Dragon`, `Fairy`, `Dark`) VALUES
('Normal', 0, 0, 0, 0, 0, 1, 0, 1, 1, 0, 0, 0, 0, 0, 0, 0, 0, 0),
('Fighting', 0, 0, 1, 1, 0, 0, 1, 1, 0, 0, 0, 0, 0, 1, 0, 0, 1, 0),
('Flying', 0, 0, 0, 0, 0, 1, 0, 0, 1, 0, 0, 0, 1, 0, 0, 0, 0, 0),
('Poison', 0, 0, 0, 1, 1, 1, 0, 1, 1, 0, 0, 0, 0, 0, 0, 0, 0, 0),
('Ground', 0, 0, 1, 0, 0, 0, 1, 0, 0, 0, 0, 1, 0, 0, 0, 0, 0, 0),
('Rock', 0, 1, 0, 0, 1, 0, 0, 0, 1, 0, 0, 0, 0, 0, 0, 0, 0, 0),
('Bug', 0, 1, 1, 1, 0, 0, 0, 1, 1, 1, 0, 0, 0, 0, 0, 0, 1, 0),
('Ghost', 1, 0, 0, 0, 0, 0, 0, 0, 0, 0, 0, 0, 0, 0, 0, 0, 0, 1),
('Steel', 0, 0, 0, 0, 0, 0, 0, 0, 1, 1, 1, 0, 1, 0, 0, 0, 0, 0),
('Fire', 0, 0, 0, 0, 0, 1, 0, 0, 0, 1, 1, 0, 0, 0, 0, 1, 0, 0),
('Water', 0, 0, 0, 0, 0, 0, 0, 0, 0, 0, 1, 1, 0, 0, 0, 1, 0, 0),
('Grass', 0, 0, 1, 1, 0, 0, 1, 0, 1, 1, 0, 1, 0, 0, 0, 1, 0, 0),
('Electric', 0, 0, 0, 0, 1, 0, 0, 0, 0, 0, 0, 1, 1, 0, 0, 1, 0, 0),
('Psychic', 0, 0, 0, 0, 0, 0, 0, 0, 1, 0, 0, 0, 0, 1, 0, 0, 0, 1),
('Ice', 0, 0, 0, 0, 0, 0, 0, 0, 1, 1, 1, 0, 0, 0, 1, 0, 0, 0),
('Dragon', 0, 0, 0, 0, 0, 0, 0, 0, 1, 0, 0, 0, 0, 0, 0, 0, 1, 0),
('Fairy', 0, 0, 0, 1, 0, 0, 0, 0, 1, 1, 0, 0, 0, 0, 0, 0, 0, 0),
('Dark', 0, 1, 0, 0, 0, 0, 0, 0, 0, 0, 0, 0, 0, 0, 0, 0, 1, 1);
COMMIT;
